"","Barcodes","Cell Type"
"1","AAACCTGCACGACGAA","endothelial cell"
"2","AAACCTGGTTCCACGG","fibroblast"
"3","AAACCTGTCTCGATGA","endothelial cell"
"4","AAACGGGAGCGCTCCA","T cell"
"5","AAAGCAAAGTGAATTG","fibroblast"
"6","AAAGCAACACCGAAAG","endocardial cell"
"7","AAAGTAGTCCCAAGAT",NA
"8","AAATGCCAGTCCATAC","fibroblast"
"9","AAATGCCCAGTAAGAT","cardiac muscle cell"
"10","AACCATGCACTGTCGG","endocardial cell"
"11","AACCATGTCTCAACTT",NA
"12","AACGTTGTCCTCATTA","fibroblast"
"13","AACTCAGTCACTTCAT","cardiac muscle cell"
"14","AACTCTTGTCTTGCGG","endothelial cell"
"15","AACTCTTGTTCAACCA",""
"16","AACTTTCCACGAAGCA","erythrocyte"
"17","AAGACCTAGTCCCACG","fibroblast"
"18","AAGACCTCAGGGTTAG","fibroblast"
"19","AAGACCTCAGGTTTCA","erythrocyte"
"20","AAGACCTTCTCAAACG","endothelial cell"
"21","AAGACCTTCTTCTGGC",""
"22","AAGGAGCAGCCAGAAC","erythrocyte"
"23","AAGGCAGAGCGTTGCC",""
"24","AAGGCAGAGCTCAACT","erythrocyte"
"25","AAGGCAGGTCACCTAA","fibroblast"
"26","AAGGTTCCAGCTATTG","endothelial cell"
"27","AAGGTTCGTATAGTAG","cardiac muscle cell"
"28","AAGTCTGGTAAGAGGA","endocardial cell"
"29","AATCCAGCATGATCCA","endothelial cell"
"30","AATCCAGTCAGTTAGC","cardiac muscle cell"
"31","AATCCAGTCTTGTCAT","B cell"
"32","AATCGGTAGACAGGCT","endocardial cell"
"33","ACACCAAAGAAGCCCA","fibroblast"
"34","ACACCAACATCTCGCT","fibroblast"
"35","ACACCCTCAGTCGATT","fibroblast"
"36","ACACCCTTCGAGCCCA","fibroblast"
"37","ACACCGGTCTAACTGG","endothelial cell"
"38","ACACTGACATGCCACG","fibroblast"
"39","ACACTGATCAACACGT","basal cell of epidermis"
"40","ACAGCCGGTAGCGTAG","erythrocyte"
"41","ACATACGTCACTGGGC","B cell"
"42","ACATCAGAGAGCCCAA","fibroblast"
"43","ACATCAGAGTTTAGGA","cardiac muscle cell"
"44","ACATCAGCAGATCCAT","fibroblast"
"45","ACATCAGTCTCTTGAT","endothelial cell"
"46","ACATGGTAGAGTTGGC",NA
"47","ACATGGTAGCTAAGAT","endothelial cell"
"48","ACATGGTGTAAGTTCC","cardiac muscle cell"
"49","ACATGGTTCCACGTGG","endothelial cell"
"50","ACCCACTAGATATACG","endothelial cell"
"51","ACCGTAAAGGATGGTC","endothelial cell"
"52","ACCGTAACAACTTGAC","fibroblast"
"53","ACGAGCCAGCGCTCCA","cardiac muscle cell"
"54","ACGAGCCAGCTCTCGG","cardiac muscle cell"
"55","ACGAGGATCTCTTGAT","endocardial cell"
"56","ACGATACAGCCGTCGT","endothelial cell"
"57","ACGATACCACAGCGTC",""
"58","ACGATGTAGACAAGCC",NA
"59","ACGATGTCAAACAACA","endothelial cell"
"60","ACGATGTCATACGCTA","fibroblast"
"61","ACGATGTTCTACGAGT","fibroblast"
"62","ACGCAGCAGTTACGGG",NA
"63","ACGCCGAAGCCCAACC","fibroblast"
"64","ACGCCGATCAGTCAGT",NA
"65","ACGGAGAAGCGATATA","endocardial cell"
"66","ACGGAGAGTCACACGC","fibroblast"
"67","ACGGCCACAACTGCTA","fibroblast"
"68","ACGGGCTAGTAGATGT","endothelial cell"
"69","ACGGGCTGTTTGTTTC","endothelial cell"
"70","ACGGGTCCAGGCTCAC","erythrocyte"
"71","ACGGGTCGTTGTACAC","fibroblast"
"72","ACGTCAATCGCGCCAA","fibroblast"
"73","ACTGAGTCACTGCCAG","fibroblast"
"74","ACTGAGTTCGACCAGC","fibroblast"
"75","ACTGATGAGCTCTCGG","endothelial cell"
"76","ACTGATGTCGGTTAAC","fibroblast"
"77","ACTGCTCAGACCCACC","fibroblast"
"78","ACTGCTCAGAGGGCTT","erythrocyte"
"79","ACTGCTCAGCCTTGAT","fibroblast"
"80","ACTGCTCAGCTAGTTC","fibroblast"
"81","ACTGCTCGTGCGGTAA","endothelial cell"
"82","ACTTACTAGAAACCGC","endothelial cell"
"83","ACTTGTTCATCCAACA","endothelial cell"
"84","ACTTGTTCATGACATC","fibroblast"
"85","AGAATAGAGCACGCCT","fibroblast"
"86","AGAATAGTCTCTGCTG","fibroblast"
"87","AGACGTTTCTCGATGA","endocardial cell"
"88","AGAGCGAAGCACGCCT","endothelial cell"
"89","AGAGCGAAGTGTGGCA","fibroblast"
"90","AGAGCGACAACACCCG",NA
"91","AGAGCGATCAATCACG","fibroblast"
"92","AGAGCGATCCGTAGTA","endocardial cell"
"93","AGAGCTTAGTACGTTC","endothelial cell"
"94","AGAGTGGAGTCCGTAT","endothelial cell"
"95","AGAGTGGCATGCCACG","fibroblast"
"96","AGATCTGAGCGATCCC","fibroblast"
"97","AGATCTGGTCTCTTTA","erythrocyte"
"98","AGATCTGTCTGTACGA","cardiac muscle cell"
"99","AGCATACGTTACGTCA","endothelial cell"
"100","AGCGGTCAGTATCTCG","endothelial cell"
"101","AGCGTCGGTGCAGGTA","fibroblast"
"102","AGCTCCTCACTAGTAC",NA
"103","AGCTCTCTCCCAAGTA","fibroblast"
"104","AGCTTGAAGGGATGGG","cardiac muscle cell"
"105","AGCTTGATCCACGTTC",""
"106","AGGCCACAGCGCTCCA","cardiac muscle cell"
"107","AGGCCACGTATCGCAT","endothelial cell"
"108","AGGCCACTCGCTTAGA","fibroblast"
"109","AGGTCATGTATTCGTG","endothelial cell"
"110","AGGTCATGTCAGTGGA","fibroblast"
"111","AGGTCATGTTACGACT","endothelial cell"
"112","AGGTCCGCACCACGTG","endothelial cell"
"113","AGTCTTTCAGTGGGAT","erythrocyte"
"114","AGTCTTTCATCATCCC","fibroblast"
"115","AGTCTTTGTATTACCG","fibroblast"
"116","AGTGAGGCACATTCGA","erythrocyte"
"117","AGTGAGGGTAATCACC","erythrocyte"
"118","AGTGGGACAGCCTTGG","fibroblast"
"119","AGTGGGATCTCTAAGG","endocardial cell"
"120","AGTGTCAAGCCACCTG","endothelial cell"
"121","AGTGTCACACATGGGA","fibroblast"
"122","AGTTGGTCAGTTAACC","fibroblast"
"123","AGTTGGTGTATCAGTC","fibroblast"
"124","AGTTGGTGTGACTACT","endothelial cell"
"125","ATAAGAGAGGGCTCTC","endocardial cell"
"126","ATAAGAGAGTACGCGA","endothelial cell"
"127","ATAAGAGGTGTGCCTG","endothelial cell"
"128","ATAGACCTCTCACATT","endothelial cell"
"129","ATCACGATCAACACCA","endothelial cell"
"130","ATCCACCAGAAACCTA","erythrocyte"
"131","ATCCACCGTCGACTAT","fibroblast"
"132","ATCCGAACAAGCCCAC","fibroblast"
"133","ATCCGAATCAAACCGT","fibroblast"
"134","ATCGAGTAGGGTGTTG","cardiac muscle cell"
"135","ATCGAGTGTCGAACAG","endothelial cell"
"136","ATCTACTAGGAATCGC","fibroblast"
"137","ATCTACTAGTGGACGT","fibroblast"
"138","ATCTACTGTTGAGTTC","endothelial cell"
"139","ATCTGCCAGGTGGGTT","fibroblast"
"140","ATGAGGGTCGGACAAG","erythrocyte"
"141","ATGAGGGTCTACTTAC","fibroblast"
"142","ATGCGATAGATGCCAG","fibroblast"
"143","ATGCGATGTCGCATAT","fibroblast"
"144","ATGTGTGTCGGCCGAT","fibroblast"
"145","ATTATCCAGACTACAA","endocardial cell"
"146","ATTATCCCACCGAATT","erythrocyte"
"147","ATTATCCGTCTTCGTC","endothelial cell"
"148","ATTCTACCAAACAACA","fibroblast"
"149","ATTCTACCATATACCG","fibroblast"
"150","ATTCTACTCTCCCTGA","endocardial cell"
"151","ATTGGACCATGCAATC","endothelial cell"
"152","ATTGGTGAGAGTACCG",NA
"153","ATTGGTGTCTGAGGGA","endocardial cell"
"154","ATTTCTGCACCACCAG","erythrocyte"
"155","ATTTCTGTCCCGGATG","fibroblast"
"156","ATTTCTGTCTAGAGTC","fibroblast"
"157","CAACCAACAAGAAGAG","endocardial cell"
"158","CAACCAACAGCTATTG","endothelial cell"
"159","CAACCTCCATTAGGCT","endothelial cell"
"160","CAACTAGCACATAACC","cardiac muscle cell"
"161","CAACTAGGTTAGATGA","erythrocyte"
"162","CAACTAGTCCTGTACC","erythrocyte"
"163","CAAGAAAAGAGAGCTC","fibroblast"
"164","CAAGAAAGTATGGTTC","fibroblast"
"165","CAAGATCTCACGCGGT","fibroblast"
"166","CAAGTTGAGATCTGAA","erythrocyte"
"167","CAAGTTGCAATCTGCA","cardiac muscle cell"
"168","CACAAACAGATGCCAG","fibroblast"
"169","CACAAACTCGCGATCG","natural killer cell"
"170","CACACAAAGCCCTAAT","cardiac muscle cell"
"171","CACACTCAGTGGACGT",NA
"172","CACAGGCGTACTCTCC","fibroblast"
"173","CACAGGCGTCGAATCT","fibroblast"
"174","CACATAGAGGGATACC",""
"175","CACATAGCACACATGT","fibroblast"
"176","CACATAGGTCTCTTTA","fibroblast"
"177","CACATAGTCCCAAGTA","endothelial cell"
"178","CACATTTTCTGTCAAG","endothelial cell"
"179","CACTCCATCCGCAGTG","erythrocyte"
"180","CACTCCATCGTGTAGT","endothelial cell"
"181","CAGAATCAGCTCCTCT","endocardial cell"
"182","CAGAATCCAATAACGA","fibroblast"
"183","CAGAGAGCACCTTGTC","endothelial cell"
"184","CAGATCAAGAAGGCCT","endothelial cell"
"185","CAGATCACAGCTGCAC","fibroblast"
"186","CAGATCAGTACGCACC","endothelial cell"
"187","CAGCAGCAGACTAGAT","fibroblast"
"188","CAGCAGCGTGAAAGAG","erythrocyte"
"189","CAGCAGCGTTGTTTGG","endothelial cell"
"190","CAGCCGACACAGTCGC","fibroblast"
"191","CAGCGACCAAACGCGA","endothelial cell"
"192","CAGCTAACAAGAGTCG","endothelial cell"
"193","CAGGTGCTCACCACCT","cardiac muscle cell"
"194","CAGGTGCTCTCCGGTT","endothelial cell"
"195","CAGTAACAGTGGTAAT","cardiac muscle cell"
"196","CAGTCCTAGGATTCGG","cardiac muscle cell"
"197","CAGTCCTGTGAGCGAT","endothelial cell"
"198","CATATGGTCAGGTAAA","endothelial cell"
"199","CATATGGTCGTTTATC","fibroblast"
"200","CATATTCAGACGCTTT","cardiac muscle cell"
"201","CATCAGATCGGGAGTA",NA
"202","CATCCACCAATACGCT","cardiac muscle cell"
"203","CATCGAAAGGCTCTTA","fibroblast"
"204","CATCGAAAGTACGCGA","fibroblast"
"205","CATCGAATCAACGGGA","fibroblast"
"206","CATCGGGCAGCTGTAT","endothelial cell"
"207","CATCGGGCATAAAGGT","endothelial cell"
"208","CATCGGGGTCGCTTTC","fibroblast"
"209","CATCGGGGTTGTACAC","endothelial cell"
"210","CATGACATCCACGTGG","fibroblast"
"211","CATGCCTCATTGGCGC","endothelial cell"
"212","CATGGCGCACCCATGG","endothelial cell"
"213","CATGGCGGTGCAGGTA","erythrocyte"
"214","CATTCGCCATTTCACT","fibroblast"
"215","CCAATCCCACTACAGT","cardiac muscle cell"
"216","CCACCTAAGGCCCGTT","non-classical monocyte"
"217","CCACCTAGTCACTGGC","endocardial cell"
"218","CCACCTATCAGCATGT","erythrocyte"
"219","CCACGGAAGGCCCGTT","erythrocyte"
"220","CCAGCGACACGAAAGC","endocardial cell"
"221","CCATGTCCACTTGGAT","endothelial cell"
"222","CCATGTCTCCCATTAT","erythrocyte"
"223","CCCAATCCAGGTGGAT","erythrocyte"
"224","CCCAATCTCATCTGCC","fibroblast"
"225","CCCAGTTCATCGTCGG","erythrocyte"
"226","CCCATACGTAGCTAAA","endothelial cell"
"227","CCCTCCTTCAAACAAG","erythrocyte"
"228","CCCTCCTTCATTGCGA","fibroblast"
"229","CCGGGATGTTGGTTTG","fibroblast"
"230","CCGTACTCATCGGGTC","endothelial cell"
"231","CCGTGGAAGTAACCCT","endothelial cell"
"232","CCGTGGATCTATCCTA","endocardial cell"
"233","CCGTTCAGTAGGCTGA","fibroblast"
"234","CCTAAAGGTTCGTCTC","endothelial cell"
"235","CCTACACCAACTGCTA","endothelial cell"
"236","CCTACCAGTAGGGTAC","erythrocyte"
"237","CCTACCATCGCTTGTC","endothelial cell"
"238","CCTAGCTGTGCATCTA","endothelial cell"
"239","CCTATTAGTCGCATAT","erythrocyte"
"240","CCTCAGTCAGCAGTTT","endothelial cell"
"241","CCTCAGTGTGCAGTAG",NA
"242","CCTCTGAAGAAGATTC","endothelial cell"
"243","CCTTACGGTTCATGGT",""
"244","CCTTACGTCGCCAGCA","fibroblast"
"245","CCTTCGAAGTCTTGCA","fibroblast"
"246","CCTTCGAGTCACACGC","fibroblast"
"247","CCTTTCTTCGTAGATC","fibroblast"
"248","CGAATGTAGAGCTGCA","cardiac muscle cell"
"249","CGACCTTGTCTTCAAG",NA
"250","CGACTTCGTAGTACCT","fibroblast"
"251","CGACTTCTCTGATACG","cardiac muscle cell"
"252","CGAGAAGAGCAGCGTA","endocardial cell"
"253","CGAGAAGAGCGATAGC","fibroblast"
"254","CGAGAAGGTTGCGTTA","erythrocyte"
"255","CGAGAAGTCTAGCACA","endothelial cell"
"256","CGATGGCGTACTTCTT","endocardial cell"
"257","CGATGGCTCTCGTATT",NA
"258","CGATGTATCCCTTGTG","cardiac muscle cell"
"259","CGATGTATCGAGAACG","endothelial cell"
"260","CGCCAAGTCCTAGAAC","fibroblast"
"261","CGCGGTACAAGTACCT","fibroblast"
"262","CGCGGTACAGACGCCT","endocardial cell"
"263","CGCGGTACAGCCTTGG","cardiac muscle cell"
"264","CGCGTTTGTTCCACAA","erythrocyte"
"265","CGCGTTTGTTCGTTGA",NA
"266","CGCTATCCACTGCCAG","endothelial cell"
"267","CGCTATCCATCTATGG","endothelial cell"
"268","CGCTGGATCTGCGACG","fibroblast"
"269","CGCTTCAAGATCCCAT","fibroblast"
"270","CGCTTCAGTAAGCACG","endocardial cell"
"271","CGCTTCATCCGAATGT",""
"272","CGGACACAGGCTACGA","cardiac muscle cell"
"273","CGGACACAGTAGGCCA","endothelial cell"
"274","CGGACGTAGCTTTGGT","fibroblast"
"275","CGGACGTAGGCTAGCA","endothelial cell"
"276","CGGACTGAGCAGCCTC","fibroblast"
"277","CGGACTGCACTGTCGG","fibroblast"
"278","CGGACTGGTCCGTCAG","fibroblast"
"279","CGGACTGGTGGTACAG","fibroblast"
"280","CGGAGCTCACGACGAA","fibroblast"
"281","CGGAGCTGTTAAGGGC","fibroblast"
"282","CGGAGCTTCCTGCAGG","endothelial cell"
"283","CGGAGTCCACGAGGTA","fibroblast"
"284","CGGAGTCCAGACACTT","endothelial cell"
"285","CGGAGTCTCAGCAACT","endocardial cell"
"286","CGGCTAGGTCAGTGGA","fibroblast"
"287","CGGGTCATCAGGATCT","fibroblast"
"288","CGGGTCATCCCAGGTG","erythrocyte"
"289","CGGGTCATCTGCGTAA","endothelial cell"
"290","CGGTTAATCCGCAGTG","fibroblast"
"291","CGGTTAATCTGTCCGT","cardiac muscle cell"
"292","CGTAGCGCACCACGTG","erythrocyte"
"293","CGTAGCGCATGGGAAC","fibroblast"
"294","CGTAGGCCAGTCGTGC",NA
"295","CGTAGGCCATTCGACA","fibroblast"
"296","CGTCACTGTAACGCGA","endothelial cell"
"297","CGTCAGGTCGGCTTGG","fibroblast"
"298","CGTCCATAGACAATAC","endothelial cell"
"299","CGTCCATAGGAGCGAG","endocardial cell"
"300","CGTCCATCAGCTCGAC","erythrocyte"
"301","CGTCTACCAAATCCGT","fibroblast"
"302","CGTGAGCAGGGCATGT","endothelial cell"
"303","CGTGAGCAGTACACCT","cardiac muscle cell"
"304","CGTGTCTAGCGATAGC","fibroblast"
"305","CGTGTCTAGTGGACGT","endocardial cell"
"306","CGTGTCTCACTCTGTC","endothelial cell"
"307","CGTTCTGTCGTGGGAA","endocardial cell"
"308","CTAAGACGTACATCCA","endothelial cell"
"309","CTAAGACGTGACAAAT","endothelial cell"
"310","CTAAGACGTTGACGTT","erythrocyte"
"311","CTAAGACTCGTGGACC","fibroblast"
"312","CTAATGGGTACAGTGG","endothelial cell"
"313","CTACACCAGAAACGCC","endocardial cell"
"314","CTACACCGTCCAGTTA","fibroblast"
"315","CTACATTAGTATTGGA","erythrocyte"
"316","CTACCCACACGAAACG","fibroblast"
"317","CTACGTCGTCTCACCT","fibroblast"
"318","CTAGCCTGTTCGCGAC","endothelial cell"
"319","CTAGTGAAGCAAATCA","endocardial cell"
"320","CTAGTGACAATGGTCT","fibroblast"
"321","CTAGTGATCGTGACAT","fibroblast"
"322","CTAGTGATCTCCCTGA","endothelial cell"
"323","CTCAGAACACCCTATC","endothelial cell"
"324","CTCAGAATCGCAGGCT","fibroblast"
"325","CTCATTACACGAAATA","endothelial cell"
"326","CTCGAGGGTCGCATCG","fibroblast"
"327","CTCGGAGGTCAACTGT","endothelial cell"
"328","CTCGGAGTCATCACCC","macrophage"
"329","CTCGGAGTCCTCTAGC","erythrocyte"
"330","CTCGTCACATTATCTC","endocardial cell"
"331","CTCGTCAGTATGAATG","erythrocyte"
"332","CTCGTCAGTGGTCTCG","fibroblast"
"333","CTCTAATAGGGTCGAT","cardiac muscle cell"
"334","CTCTACGAGTGGAGAA","endothelial cell"
"335","CTCTACGCAAAGCAAT","fibroblast"
"336","CTCTGGTAGGAGCGTT",""
"337","CTCTGGTGTTCCCGAG","endothelial cell"
"338","CTCTGGTGTTTGGCGC","fibroblast"
"339","CTGAAACTCCGAATGT","fibroblast"
"340","CTGAAGTGTAGAGCTG","cardiac muscle cell"
"341","CTGATAGGTGAAGGCT","fibroblast"
"342","CTGATAGGTTAAAGAC","endocardial cell"
"343","CTGATCCCAAGCCCAC","endothelial cell"
"344","CTGCCTAAGGGTGTTG","fibroblast"
"345","CTGCGGATCGGAGCAA","fibroblast"
"346","CTGCTGTTCCTCGCAT","fibroblast"
"347","CTGTTTAGTTAAAGTG","endothelial cell"
"348","CTGTTTATCGTCCGTT","endocardial cell"
"349","CTTACCGAGTCCATAC","endothelial cell"
"350","CTTACCGGTCCATCCT","B cell"
"351","CTTACCGTCTTGCAAG","erythrocyte"
"352","CTTCTCTCACCGCTAG","fibroblast"
"353","CTTCTCTTCATTCACT","endocardial cell"
"354","CTTGGCTAGACTTTCG","erythrocyte"
"355","GAACGGACAGTCAGCC",""
"356","GAACGGAGTGCGAAAC","endocardial cell"
"357","GAACGGATCCTTCAAT","fibroblast"
"358","GAAGCAGTCACTATTC","endothelial cell"
"359","GAAGCAGTCGAATCCA","endothelial cell"
"360","GAATAAGTCCCATTAT","fibroblast"
"361","GAATGAATCGAATGCT","erythrocyte"
"362","GACACGCAGGGTTCCC","fibroblast"
"363","GACACGCCAGCCTTGG","fibroblast"
"364","GACACGCCATTTCAGG","endocardial cell"
"365","GACAGAGAGATCGATA","endocardial cell"
"366","GACAGAGGTATTCGTG","erythrocyte"
"367","GACAGAGGTGCACGAA","endothelial cell"
"368","GACCTGGTCATAACCG","cardiac muscle cell"
"369","GACGTTAAGTGTACCT","endothelial cell"
"370","GACGTTATCCACGAAT","fibroblast"
"371","GACTACACAAGCTGAG","endothelial cell"
"372","GACTACAGTAGCGTGA","fibroblast"
"373","GACTGCGGTGCAACTT","endothelial cell"
"374","GAGCAGAAGATATGCA","endothelial cell"
"375","GATCAGTAGTCTCCTC","fibroblast"
"376","GATCAGTGTTTGCATG","endocardial cell"
"377","GATCGATCACATGGGA","cardiac muscle cell"
"378","GATCGCGAGGGCTCTC","endocardial cell"
"379","GATCGCGGTTGCGCAC","stromal cell"
"380","GATCGTATCTCGGACG","endothelial cell"
"381","GATCTAGGTCTAGAGG","erythrocyte"
"382","GATCTAGTCTTTACAC",NA
"383","GATGAAAAGAAGATTC","fibroblast"
"384","GATGAAAAGACGACGT","erythrocyte"
"385","GATTCAGCACAGCGTC","fibroblast"
"386","GATTCAGGTAATCGTC",NA
"387","GCAAACTAGCCCTAAT","fibroblast"
"388","GCAAACTGTCAGAGGT","fibroblast"
"389","GCAAACTGTTTCCACC","endothelial cell"
"390","GCACTCTGTAAACCTC","endothelial cell"
"391","GCAGCCAGTTGAACTC","erythrocyte"
"392","GCAGTTAAGTATTGGA","fibroblast"
"393","GCAGTTATCGCACTCT","endothelial cell"
"394","GCATACATCCCTGACT","fibroblast"
"395","GCATGCGCAGCTGCTG","erythrocyte"
"396","GCATGTACACCTCGTT","cardiac muscle cell"
"397","GCCAAATAGATATACG","endocardial cell"
"398","GCCAAATCACCATCCT","fibroblast"
"399","GCCTCTACATCGGAAG","endothelial cell"
"400","GCCTCTATCAAGAAGT","endothelial cell"
"401","GCGACCAAGTGACATA","cardiac muscle cell"
"402","GCGAGAAGTCGAGTTT","fibroblast"
"403","GCGCCAAAGGCATTGG","endocardial cell"
"404","GCGCGATGTGCTGTAT","cardiac muscle cell"
"405","GCGCGATTCTTGCATT","fibroblast"
"406","GCTCCTAGTCTAAAGA","fibroblast"
"407","GCTCTGTAGTCGTTTG","endothelial cell"
"408","GCTCTGTGTCTAAAGA","endothelial cell"
"409","GCTGCAGAGCCCTAAT","fibroblast"
"410","GCTGCAGTCAACGGGA","endothelial cell"
"411","GCTGCAGTCGTTTGCC","fibroblast"
"412","GCTGCAGTCTGCGACG","cardiac muscle cell"
"413","GCTGCGAAGAACAACT","endocardial cell"
"414","GCTGCGAGTAAACGCG","basal cell of epidermis"
"415","GCTGCGATCGAATGCT",""
"416","GCTGCTTCAGCTGTAT","fibroblast"
"417","GCTGCTTGTCCGAAGA","stromal cell"
"418","GCTGCTTTCCAATGGT","fibroblast"
"419","GCTGGGTCAATGAATG","cardiac muscle cell"
"420","GCTTCCAAGTGAAGTT","erythrocyte"
"421","GCTTCCACACGAGGTA","fibroblast"
"422","GGAAAGCAGGAGTAGA","fibroblast"
"423","GGAACTTTCACCCTCA","skeletal muscle satellite cell"
"424","GGAACTTTCTGAGTGT","erythrocyte"
"425","GGACAGAAGTCAAGGC","fibroblast"
"426","GGACGTCAGGGTGTTG","endocardial cell"
"427","GGACGTCCACGCGAAA","fibroblast"
"428","GGAGCAACATTACGAC",NA
"429","GGAGCAATCTGTCAAG","endothelial cell"
"430","GGATGTTAGTGTACGG","endothelial cell"
"431","GGATGTTTCGTGGTCG","erythrocyte"
"432","GGATTACAGAGGACGG","erythrocyte"
"433","GGATTACCACGGTAAG","fibroblast"
"434","GGATTACGTGCCTGTG","cardiac muscle cell"
"435","GGCAATTCATGATCCA","endothelial cell"
"436","GGCAATTGTAAATACG","endothelial cell"
"437","GGCCGATCAAGGACTG","endothelial cell"
"438","GGCGACTCAAATCCGT","fibroblast"
"439","GGCGACTCAGTATAAG","erythrocyte"
"440","GGCGTGTCAATCCAAC","endocardial cell"
"441","GGCGTGTTCGTGGACC",NA
"442","GGCTCGACAAGCTGTT","fibroblast"
"443","GGCTCGATCACATACG","endothelial cell"
"444","GGCTGGTCAGGGCATA","endothelial cell"
"445","GGCTGGTGTGTCGCTG","endothelial cell"
"446","GGGAATGTCCGCAGTG","endothelial cell"
"447","GGGACCTCACTCTGTC","endothelial cell"
"448","GGGACCTCAGACGCAA","erythrocyte"
"449","GGGACCTGTTATCGGT","erythrocyte"
"450","GGGAGATAGGTGCTTT","cardiac muscle cell"
"451","GGGATGATCCGAAGAG","erythrocyte"
"452","GGGCATCCAGTCGATT","fibroblast"
"453","GGGCATCGTACCCAAT","erythrocyte"
"454","GGGTCTGCATTGTGCA","fibroblast"
"455","GGTATTGCACAGAGGT","fibroblast"
"456","GGTATTGGTCGGCACT","fibroblast"
"457","GGTGAAGTCGACCAGC","endothelial cell"
"458","GGTGCGTGTATATCCG","fibroblast"
"459","GGTGTTAAGCTAGTGG","cardiac muscle cell"
"460","GGTGTTATCAGTGCAT","fibroblast"
"461","GTAACGTAGCTAACAA","endocardial cell"
"462","GTAACGTGTCTTGTCC","fibroblast"
"463","GTAACGTGTTGAGTTC","endothelial cell"
"464","GTAACGTGTTTGCATG","fibroblast"
"465","GTAACTGGTAAGTTCC",""
"466","GTAACTGGTCGCGTGT","endocardial cell"
"467","GTAGGCCAGCTAACAA","keratinocyte"
"468","GTAGGCCCAGCCTATA","natural killer cell"
"469","GTAGGCCTCAACGGGA","endothelial cell"
"470","GTAGGCCTCTCGAGTA",""
"471","GTATCTTAGGTGATAT","endothelial cell"
"472","GTATCTTTCATCGGAT","fibroblast"
"473","GTATTCTTCACCATAG","endothelial cell"
"474","GTATTCTTCCGTCATC","fibroblast"
"475","GTCAAGTAGAGGTTGC","fibroblast"
"476","GTCACAAGTTCCTCCA","endothelial cell"
"477","GTCACGGCATGGATGG","endothelial cell"
"478","GTCATTTAGTGTGAAT","endothelial cell"
"479","GTCATTTGTAGGAGTC","fibroblast"
"480","GTCATTTTCACCGTAA","endothelial cell"
"481","GTCATTTTCCCAACGG","fibroblast"
"482","GTCCTCACATTCTCAT","fibroblast"
"483","GTCCTCATCTGTCCGT","cardiac muscle cell"
"484","GTCGTAAAGCTGATAA","fibroblast"
"485","GTCGTAATCCTAGGGC","endocardial cell"
"486","GTCGTAATCTTTAGTC","erythrocyte"
"487","GTCTTCGAGCGTCTAT","fibroblast"
"488","GTGCAGCAGATGCGAC","fibroblast"
"489","GTGCAGCGTTGGAGGT","cardiac muscle cell"
"490","GTGCATACACGCTTTC","endocardial cell"
"491","GTGCATACATGGTCTA","fibroblast"
"492","GTGCGGTCACGAAATA","cardiac muscle cell"
"493","GTGCTTCCACATAACC","cardiac muscle cell"
"494","GTGGGTCAGAGGTTGC","cardiac muscle cell"
"495","GTGGGTCCAAGCTGAG","fibroblast"
"496","GTGGGTCTCCAGAGGA",""
"497","GTGTTAGAGCTGCAAG","endothelial cell"
"498","GTGTTAGCAACTGCTA","keratinocyte"
"499","GTTAAGCCATTCTCAT","fibroblast"
"500","GTTAAGCTCAAGGTAA","fibroblast"
"501","GTTCATTAGAGTCTGG","T cell"
"502","GTTCGGGAGCTTATCG","fibroblast"
"503","GTTCTCGAGGCATGTG","endothelial cell"
"504","GTTCTCGAGTACGTTC","erythrocyte"
"505","GTTCTCGGTCTAGCGC","endothelial cell"
"506","GTTTCTACAGATCCAT","endothelial cell"
"507","TAAACCGAGCCACCTG","endothelial cell"
"508","TAAGAGACACGTAAGG","endothelial cell"
"509","TAAGAGACATGGATGG","fibroblast"
"510","TAAGAGATCCCGGATG","endothelial cell"
"511","TACAGTGGTTCCACGG","erythrocyte"
"512","TACCTATAGCGAGAAA","fibroblast"
"513","TACCTATGTCGCATCG","endocardial cell"
"514","TACCTTAGTCCAACTA","fibroblast"
"515","TACCTTATCGTGGGAA","cardiac muscle cell"
"516","TACGGATAGGCAATTA","endothelial cell"
"517","TACGGATCATGGAATA","endocardial cell"
"518","TACGGATGTATAAACG","fibroblast"
"519","TACGGGCAGTCTCGGC","endothelial cell"
"520","TACGGTAAGAGTAATC","endocardial cell"
"521","TACGGTAAGCTACCTA","endocardial cell"
"522","TACGGTACAAGTTCTG","fibroblast"
"523","TACTCATTCAAGGTAA","fibroblast"
"524","TACTCGCGTCTTGCGG","fibroblast"
"525","TACTTACTCTCCAACC","erythrocyte"
"526","TAGCCGGGTCGAACAG","fibroblast"
"527","TAGCCGGGTTCGTGAT","cardiac muscle cell"
"528","TAGGCATGTCTCCATC","fibroblast"
"529","TAGGCATTCAAACCAC","endothelial cell"
"530","TAGTTGGAGTGTTGAA","erythrocyte"
"531","TAGTTGGGTAGTACCT","endothelial cell"
"532","TAGTTGGTCACGAAGG","endothelial cell"
"533","TATCTCAAGCTACCTA","endocardial cell"
"534","TATCTCACAAGGACAC","endothelial cell"
"535","TATCTCACAATCACAC","erythrocyte"
"536","TATTACCCACCGAAAG","erythrocyte"
"537","TATTACCTCGTAGGTT","fibroblast"
"538","TCAACGAAGACGCTTT","fibroblast"
"539","TCAACGATCTTTAGGG","endothelial cell"
"540","TCACAAGAGTAGCGGT","erythrocyte"
"541","TCAGCTCAGTCGCCGT","endothelial cell"
"542","TCAGCTCAGTGCTGCC","cardiac muscle cell"
"543","TCAGCTCGTGGACGAT","erythrocyte"
"544","TCAGCTCGTTGATTGC","fibroblast"
"545","TCAGGATAGACAGGCT",NA
"546","TCAGGATCACTGTGTA","endothelial cell"
"547","TCAGGATGTCTAGTCA","endothelial cell"
"548","TCAGGTACATAACCTG","endothelial cell"
"549","TCATTACCACATCTTT","fibroblast"
"550","TCATTACTCACCGTAA","fibroblast"
"551","TCATTTGTCCACTCCA",NA
"552","TCCACACCACTCGACG","erythrocyte"
"553","TCCCGATTCCATGAAC",""
"554","TCCCGATTCCGTAGGC","T cell"
"555","TCGAGGCGTATGCTTG","fibroblast"
"556","TCGAGGCTCTGAGTGT","fibroblast"
"557","TCGCGAGGTTGGGACA","endothelial cell"
"558","TCGGGACAGTCAAGGC","cardiac muscle cell"
"559","TCGGGACCAGGTGCCT","erythrocyte"
"560","TCGGGACCATCACCCT","cardiac muscle cell"
"561","TCGGGACGTTCGGGCT","endothelial cell"
"562","TCGGTAACATTGGCGC","fibroblast"
"563","TCGTACCAGTTACGGG","fibroblast"
"564","TCGTACCTCAACGCTA","fibroblast"
"565","TCGTACCTCTGTACGA","erythrocyte"
"566","TCGTAGATCGCATGGC","endocardial cell"
"567","TCTATTGCACTGAAGG","fibroblast"
"568","TCTCATAGTGTAACGG","cardiac muscle cell"
"569","TCTGAGACAGCTGTGC","cardiac muscle cell"
"570","TCTGGAATCGAGCCCA","endothelial cell"
"571","TCTTCGGGTAGGACAC","cardiac muscle cell"
"572","TCTTTCCGTCGCGTGT","endocardial cell"
"573","TGACAACAGATATGGT","erythrocyte"
"574","TGACGGCAGAGAGCTC","endocardial cell"
"575","TGACGGCGTAAGTAGT","fibroblast"
"576","TGACTTTCATTCTCAT","endothelial cell"
"577","TGACTTTTCAAACCGT","endothelial cell"
"578","TGACTTTTCGTAGATC","fibroblast"
"579","TGAGCATCATGCTGGC","endocardial cell"
"580","TGAGCCGGTCGGCATC","fibroblast"
"581","TGAGGGAAGCGTGAAC","endothelial cell"
"582","TGAGGGACATACCATG","erythrocyte"
"583","TGCACCTCAAGTTCTG","cardiac muscle cell"
"584","TGCACCTCAGCCTGTG",""
"585","TGCACCTTCCAAGTAC","endothelial cell"
"586","TGCCAAAGTGTGCCTG","cardiac muscle cell"
"587","TGCCCATTCGGTCTAA",NA
"588","TGCCCATTCTGCTTGC","endocardial cell"
"589","TGCCCTACATGGAATA","fibroblast"
"590","TGCGCAGCACTTCGAA","endothelial cell"
"591","TGCGGGTCAGATGGGT","fibroblast"
"592","TGCGGGTCATCGACGC",NA
"593","TGCGGGTGTATGGTTC","fibroblast"
"594","TGCGTGGGTAGCTGCC","endocardial cell"
"595","TGCGTGGTCCAGGGCT","fibroblast"
"596","TGCTACCCAAGAAGAG",NA
"597","TGCTACCTCACAAACC","erythrocyte"
"598","TGCTACCTCCCTTGCA","cardiac muscle cell"
"599","TGCTGCTCATCGACGC","erythrocyte"
"600","TGCTGCTGTAACGTTC","fibroblast"
"601","TGCTGCTTCACAGGCC",NA
"602","TGGACGCCACGGACAA","fibroblast"
"603","TGGACGCCACTTACGA","fibroblast"
"604","TGGACGCCAGCCAGAA",NA
"605","TGGACGCGTTACGACT","endothelial cell"
"606","TGGACGCTCTGGCGTG","endothelial cell"
"607","TGGCGCAGTAAGTAGT","endothelial cell"
"608","TGGCTGGTCGAATGCT","fibroblast"
"609","TGGGAAGAGGCGCTCT","endothelial cell"
"610","TGGGAAGGTACAAGTA","erythrocyte"
"611","TGGGCGTCATAGGATA","endothelial cell"
"612","TGGTTAGCAAGAAGAG","erythrocyte"
"613","TGGTTAGCATGTCGAT","endocardial cell"
"614","TGTATTCAGCAGCCTC","fibroblast"
"615","TGTATTCAGCGAAGGG","fibroblast"
"616","TGTCCCACAGCTGTTA","cardiac muscle cell"
"617","TGTCCCAGTCGCGTGT","endothelial cell"
"618","TGTGGTAGTTCCAACA","endothelial cell"
"619","TGTGTTTCATTACGAC","erythrocyte"
"620","TTAGGCACAGAAGCAC","endocardial cell"
"621","TTAGGCAGTACTCGCG","endothelial cell"
"622","TTAGTTCAGCTAACAA","fibroblast"
"623","TTAGTTCCATCCGGGT","fibroblast"
"624","TTAGTTCGTCTTCTCG","endothelial cell"
"625","TTAGTTCTCTCTGCTG","endothelial cell"
"626","TTATGCTTCCCAAGTA","endothelial cell"
"627","TTATGCTTCCTTAATC","endocardial cell"
"628","TTCCCAGCATAAGACA","endocardial cell"
"629","TTCCCAGGTTGTTTGG","endothelial cell"
"630","TTCGGTCAGACAATAC","fibroblast"
"631","TTCGGTCCAATCCGAT","fibroblast"
"632","TTCGGTCCACTGTTAG","fibroblast"
"633","TTCGGTCTCAGCTCTC","cardiac muscle cell"
"634","TTCTACAAGAGCAATT","endothelial cell"
"635","TTCTCCTTCACCGTAA","erythrocyte"
"636","TTCTTAGGTTTGGGCC",""
"637","TTCTTAGTCATGGTCA","endothelial cell"
"638","TTGCCGTAGCTATGCT","fibroblast"
"639","TTGCCGTGTTGCGCAC","erythrocyte"
"640","TTGCCGTGTTGTTTGG","erythrocyte"
"641","TTGCGTCAGCAGATCG","erythrocyte"
"642","TTGGAACAGTTGCAGG","fibroblast"
"643","TTGGCAAAGTGGTAAT","kidney collecting duct epithelial cell"
"644","TTGTAGGAGGTGGGTT","fibroblast"
"645","TTTACTGCAGACGCTC","fibroblast"
"646","TTTATGCTCGATAGAA","fibroblast"
"647","TTTCCTCGTATCACCA","erythrocyte"
"648","TTTCCTCTCCAGGGCT","endothelial cell"
"649","TTTGCGCAGGACAGCT","endothelial cell"
"650","TTTGGTTCAGACTCGC","cardiac muscle cell"
"651","TTTGTCAAGTGGAGAA","cardiac muscle cell"
"652","TTTGTCACAAGCCATT","endocardial cell"
"653","TTTGTCAGTCGATTGT","endothelial cell"
"654","TTTGTCAGTGCGCTTG","fibroblast"
